,metabolito,hiperparams,R2_enet,Spearman,Spearman_pval,mae,pval_FDR
19,Lithocholic acid,"{'max_depth': 7, 'max_features': None, 'min_samples_leaf': 1, 'min_samples_split': 2, 'n_estimators': 20}",0.5888271745928635,0.7726301709748078,1.1971657424532225e-21,0.6065107420964181,2.0950400492931395e-19
38,2-hydroxyglutarate,"{'max_depth': 7, 'max_features': None, 'min_samples_leaf': 2, 'min_samples_split': 5, 'n_estimators': 20}",0.6484786285928262,0.7531705152098815,4.444482473800397e-20,0.2636129386916399,3.888922164575347e-18
120,C14 carnitine,"{'max_depth': 7, 'max_features': 'sqrt', 'min_samples_leaf': 1, 'min_samples_split': 2, 'n_estimators': 100}",0.4649733013228088,0.7457063119401847,1.628634308370905e-19,0.9038914597076227,9.500366798830279e-18
122,C16 carnitine,"{'max_depth': 5, 'max_features': None, 'min_samples_leaf': 1, 'min_samples_split': 5, 'n_estimators': 20}",0.5039972878590935,0.7222426795868779,7.313214367295303e-18,0.4001082415935976,3.199531285691695e-16
9,Deoxycholic acid/Chenodeoxycholic acid,"{'max_depth': 7, 'max_features': None, 'min_samples_leaf': 2, 'min_samples_split': 5, 'n_estimators': 100}",0.5417654008679144,0.711642302610782,3.600183401093174e-17,0.6328188397373052,1.260064190382611e-15
125,C18:1 carnitine,"{'max_depth': 7, 'max_features': None, 'min_samples_leaf': 1, 'min_samples_split': 5, 'n_estimators': 50}",0.4224188736300343,0.7007563196228948,1.720115473769413e-16,0.5194748842147375,5.0170034651607874e-15
68,lithocholate,"{'max_depth': 5, 'max_features': None, 'min_samples_leaf': 2, 'min_samples_split': 5, 'n_estimators': 50}",0.430087064380805,0.6949727978841233,3.8383826810186277e-16,0.9752379302887528,9.59595670254657e-15
123,C16-OH carnitine,"{'max_depth': 7, 'max_features': 'sqrt', 'min_samples_leaf': 1, 'min_samples_split': 5, 'n_estimators': 20}",0.4482503426382372,0.6893320791512473,8.247320956307638e-16,0.6650847542597763,1.804101459192296e-14
126,C18:1-OH carnitine,"{'max_depth': 7, 'max_features': 'log2', 'min_samples_leaf': 1, 'min_samples_split': 5, 'n_estimators': 20}",0.3614809887386596,0.6496548132054867,1.1371841902124614e-13,0.761943566865918,2.211191480968675e-12
158,phenylalanine,"{'max_depth': 5, 'max_features': None, 'min_samples_leaf': 4, 'min_samples_split': 2, 'n_estimators': 20}",0.4207342733337758,0.6368464820613127,4.793478444058457e-13,0.1270611544154128,8.3885872771023e-12
140,cytosine,"{'max_depth': 7, 'max_features': None, 'min_samples_leaf': 2, 'min_samples_split': 5, 'n_estimators': 20}",0.4083470373479816,0.6353158410091753,5.667296516402958e-13,0.3509477424726949,9.016153548822887e-12
127,C18:2 carnitine,"{'max_depth': 7, 'max_features': 'log2', 'min_samples_leaf': 1, 'min_samples_split': 5, 'n_estimators': 20}",0.3289805103802748,0.6341551946425111,6.430615032084199e-13,0.7493769930989015,9.270738235606303e-12
150,leucine,"{'max_depth': 7, 'max_features': None, 'min_samples_leaf': 2, 'min_samples_split': 2, 'n_estimators': 20}",0.4049130923511306,0.6335235659625882,6.886834117878969e-13,0.1269260164546655,9.270738235606303e-12
34,Glycodeoxycholic acid,"{'max_depth': 7, 'max_features': None, 'min_samples_leaf': 1, 'min_samples_split': 2, 'n_estimators': 100}",0.4334590858576382,0.6301786801706492,9.874765080018606e-13,1.2607543667648682,1.2343456350023257e-11
148,isoleucine,"{'max_depth': 7, 'max_features': None, 'min_samples_leaf': 2, 'min_samples_split': 5, 'n_estimators': 50}",0.3954099554759961,0.6290692106633063,1.1117904986843672e-12,0.139753959474051,1.2970889151317617e-11
39,3-methyladipate/pimelate,"{'max_depth': 7, 'max_features': None, 'min_samples_leaf': 4, 'min_samples_split': 2, 'n_estimators': 20}",0.3741930122942858,0.6170095438553201,3.915409712810921e-12,0.2111772571196196,4.0608146878307055e-11
167,taurine,"{'max_depth': 5, 'max_features': None, 'min_samples_leaf': 2, 'min_samples_split': 2, 'n_estimators': 50}",0.4465302225214227,0.6166892885368191,4.045568430411863e-12,0.4421594971654563,4.0608146878307055e-11
135,cis-trans-hydroxyproline,"{'max_depth': 7, 'max_features': 'sqrt', 'min_samples_leaf': 1, 'min_samples_split': 5, 'n_estimators': 50}",0.3463976962328102,0.6163762204085096,4.176837964625868e-12,0.3819805060195329,4.0608146878307055e-11
173,tyrosine,"{'max_depth': 5, 'max_features': None, 'min_samples_leaf': 1, 'min_samples_split': 5, 'n_estimators': 50}",0.3734765931280758,0.600656904913387,1.985831471890816e-11,0.1230880382949523,1.8290553030573305e-10
69,malate,"{'max_depth': 7, 'max_features': None, 'min_samples_leaf': 2, 'min_samples_split': 5, 'n_estimators': 100}",0.332569969683594,0.5985313370948641,2.436060010963317e-11,0.2749869748170735,2.1315525095929022e-10
16,Glycolithocholic acid,"{'max_depth': 5, 'max_features': None, 'min_samples_leaf': 2, 'min_samples_split': 5, 'n_estimators': 20}",0.4605246285455986,0.5978557690285119,2.5987096311530545e-11,0.3807038492631039,2.137729145228271e-10
30,Taurolithocholic acid,"{'max_depth': 7, 'max_features': 'sqrt', 'min_samples_leaf': 1, 'min_samples_split': 2, 'n_estimators': 50}",0.360579152196656,0.5975042539370765,2.6874309254298264e-11,0.3558157690445958,2.137729145228271e-10
130,C22:6 carnitine,"{'max_depth': 7, 'max_features': None, 'min_samples_leaf': 1, 'min_samples_split': 10, 'n_estimators': 100}",0.3597852242982549,0.5966364510550957,2.9191407053315974e-11,0.863976884640623,2.2210853192740415e-10
77,suberate,"{'max_depth': 7, 'max_features': 'sqrt', 'min_samples_leaf': 1, 'min_samples_split': 5, 'n_estimators': 20}",0.3146529414516049,0.5947525498619344,3.4902771258680594e-11,0.235833912305149,2.5449937376121267e-10
75,sebacate,"{'max_depth': 7, 'max_features': None, 'min_samples_leaf': 4, 'min_samples_split': 2, 'n_estimators': 20}",0.3680513761444222,0.5942966787277293,3.6438753298142585e-11,0.2806451148394466,2.5507127308699814e-10
124,C18 carnitine,"{'max_depth': 7, 'max_features': None, 'min_samples_leaf': 1, 'min_samples_split': 5, 'n_estimators': 100}",0.3199633148307377,0.5930564145597932,4.0954483142348375e-11,0.3137942045184724,2.756551749965756e-10
83,urate,"{'max_depth': 7, 'max_features': None, 'min_samples_leaf': 1, 'min_samples_split': 2, 'n_estimators': 20}",0.3376763256552235,0.5923523608782277,4.375298137781435e-11,0.4353507606689927,2.835841385599078e-10
31,Hyodeoxycholic acid,"{'max_depth': 5, 'max_features': 'sqrt', 'min_samples_leaf': 2, 'min_samples_split': 5, 'n_estimators': 20}",0.2475608101948773,0.585690051410868,8.114361667587209e-11,0.8752470827623879,5.071476042242006e-10
121,C14:2 carnitine,"{'max_depth': 7, 'max_features': 'sqrt', 'min_samples_leaf': 1, 'min_samples_split': 2, 'n_estimators': 50}",0.3638340259720549,0.5833502790835017,1.0046758426875472e-10,0.8287726884103238,6.062699050700716e-10
169,threonine,"{'max_depth': 7, 'max_features': 'sqrt', 'min_samples_leaf': 1, 'min_samples_split': 2, 'n_estimators': 50}",0.2708933361954283,0.5825099383180392,1.0843410342547248e-10,0.1270538820753747,6.325322699819228e-10
152,methionine,"{'max_depth': 5, 'max_features': None, 'min_samples_leaf': 2, 'min_samples_split': 5, 'n_estimators': 20}",0.360760850252188,0.5796813403166458,1.3996668686083595e-10,0.1385859056380645,7.901345226014934e-10
43,adipate,"{'max_depth': 5, 'max_features': 'sqrt', 'min_samples_leaf': 2, 'min_samples_split': 2, 'n_estimators': 100}",0.2519089036240239,0.5679769862565107,3.923510584639672e-10,0.2852082584481214,2.1456698509748204e-09
172,tryptophan,"{'max_depth': 7, 'max_features': None, 'min_samples_leaf': 1, 'min_samples_split': 5, 'n_estimators': 50}",0.2802770067925283,0.5659997138671871,4.6513590609009477e-10,0.1333072265431185,2.4666298050232298e-09
163,SDMA,"{'max_depth': 7, 'max_features': None, 'min_samples_leaf': 2, 'min_samples_split': 2, 'n_estimators': 50}",0.6420695060495756,0.5607324799189611,7.279396254443761e-10,0.2012963531182264,3.746748072140171e-09
65,isocitrate,"{'max_depth': 7, 'max_features': None, 'min_samples_leaf': 4, 'min_samples_split': 2, 'n_estimators': 100}",0.29503100206919,0.5586124045237418,8.698266097435041e-10,0.4477237747113818,4.34913304871752e-09
90,1-methylnicotinamide,"{'max_depth': 7, 'max_features': None, 'min_samples_leaf': 2, 'min_samples_split': 2, 'n_estimators': 100}",0.3174912655304369,0.545902936999034,2.4653046892998356e-09,1.114376656227607,1.1984120017429756e-08
105,asparagine,"{'max_depth': 5, 'max_features': None, 'min_samples_leaf': 1, 'min_samples_split': 2, 'n_estimators': 50}",0.2965154433031522,0.5357584311571431,5.491595546754691e-09,0.5578276992073355,2.597376272113705e-08
78,succinate,"{'max_depth': 7, 'max_features': None, 'min_samples_leaf': 1, 'min_samples_split': 2, 'n_estimators': 20}",0.2665553077116286,0.5276845689007383,1.0196027139033696e-08,0.4321228159606002,4.695538814028676e-08
64,inosine,"{'max_depth': 7, 'max_features': None, 'min_samples_leaf': 1, 'min_samples_split': 5, 'n_estimators': 100}",0.2982852312188823,0.5268277508653648,1.0877737528014914e-08,0.7042111370448764,4.881036070263102e-08
62,indole-3-propionate,"{'max_depth': 7, 'max_features': None, 'min_samples_leaf': 1, 'min_samples_split': 2, 'n_estimators': 50}",0.3561618372264162,0.5228457439701992,1.4660507136784551e-08,0.5347006289861339,6.413971872343242e-08
153,methionine sulfoxide,"{'max_depth': 5, 'max_features': 'sqrt', 'min_samples_leaf': 1, 'min_samples_split': 2, 'n_estimators': 100}",0.3210469286888799,0.51736430551313,2.1971504358596696e-08,0.1402415374770665,9.378081128669322e-08
113,C3-DC-CH3 carnitine,"{'max_depth': 5, 'max_features': None, 'min_samples_leaf': 1, 'min_samples_split': 2, 'n_estimators': 20}",0.3528432060222017,0.5156891164055085,2.4828048466770523e-08,0.7944755334050485,1.0345020194487718e-07
149,kynurenic acid,"{'max_depth': 5, 'max_features': None, 'min_samples_leaf': 1, 'min_samples_split': 5, 'n_estimators': 100}",0.2962108838382834,0.5131516168392098,2.9840557989232875e-08,0.3326993325539757,1.2144413135152914e-07
131,C24:4 carnitine,"{'max_depth': 7, 'max_features': None, 'min_samples_leaf': 4, 'min_samples_split': 2, 'n_estimators': 20}",0.2733942451214433,0.5125285737547288,3.121166531262991e-08,0.1843696596761353,1.2413730522068715e-07
28,Taurodeoxycholic acid,"{'max_depth': 5, 'max_features': 'sqrt', 'min_samples_leaf': 1, 'min_samples_split': 5, 'n_estimators': 50}",0.2416857691647543,0.5114119233692657,3.382098145612356e-08,0.327598580976506,1.315260389960361e-07
51,fumarate/maleate,"{'max_depth': 5, 'max_features': None, 'min_samples_leaf': 1, 'min_samples_split': 10, 'n_estimators': 50}",0.2424541871168118,0.506472830101939,4.807589960180635e-08,0.2056921443375582,1.8061032971673623e-07
154,N-carbamoyl-beta-alanine,"{'max_depth': 7, 'max_features': 'sqrt', 'min_samples_leaf': 1, 'min_samples_split': 2, 'n_estimators': 50}",0.2306834391985862,0.5063465043659544,4.8506774266780583e-08,0.4204547592755164,1.8061032971673623e-07
11,Docosapentaenoic acid,"{'max_depth': 7, 'max_features': None, 'min_samples_leaf': 2, 'min_samples_split': 5, 'n_estimators': 100}",0.2554692823302334,0.5008430962156704,7.130236084167931e-08,0.2658924945140786,2.5995652390195583e-07
138,creatine,"{'max_depth': 5, 'max_features': None, 'min_samples_leaf': 1, 'min_samples_split': 5, 'n_estimators': 50}",0.2133461758895267,0.5005355205106645,7.283958356802407e-08,0.6156253637309953,2.601413698858002e-07
144,glutamine,"{'max_depth': 7, 'max_features': 'sqrt', 'min_samples_leaf': 1, 'min_samples_split': 5, 'n_estimators': 50}",0.3070975906644774,0.4855796518547529,2.004516119326798e-07,0.1585961597638075,7.015806417643793e-07
143,glutamate,"{'max_depth': 7, 'max_features': None, 'min_samples_leaf': 1, 'min_samples_split': 5, 'n_estimators': 20}",0.2396112832743363,0.4817184782722681,2.583160702923711e-07,0.1627387350322749,8.863786725718616e-07
151,lysine,"{'max_depth': 7, 'max_features': 'sqrt', 'min_samples_leaf': 2, 'min_samples_split': 5, 'n_estimators': 100}",0.2183705557676966,0.4804716981823335,2.801744848249197e-07,0.1684187138221196,9.428949008530951e-07
98,ADMA,"{'max_depth': 7, 'max_features': 'sqrt', 'min_samples_leaf': 2, 'min_samples_split': 10, 'n_estimators': 20}",0.2354399823230765,0.4758525701839414,3.7749716922232274e-07,0.2021854996254412,1.2464529172435184e-06
168,thiamine,"{'max_depth': 7, 'max_features': 'sqrt', 'min_samples_leaf': 2, 'min_samples_split': 5, 'n_estimators': 100}",0.2115332285536222,0.4690968895204191,5.793009541129883e-07,0.1893017846291668,1.8773642031439438e-06
159,pipecolic acid,"{'max_depth': 7, 'max_features': 'sqrt', 'min_samples_leaf': 1, 'min_samples_split': 5, 'n_estimators': 100}",0.1926375758259834,0.4667364295050419,6.713606593603829e-07,0.2543471232567028,2.1361475525103093e-06
66,lactate,"{'max_depth': 7, 'max_features': 'sqrt', 'min_samples_leaf': 2, 'min_samples_split': 10, 'n_estimators': 50}",0.2056376969251694,0.4648787084231954,7.534067246552598e-07,0.2630685177012248,2.354396014547687e-06
164,serine,"{'max_depth': 7, 'max_features': 'sqrt', 'min_samples_leaf': 2, 'min_samples_split': 5, 'n_estimators': 50}",0.2037610546394691,0.4626347054804517,8.652130292864418e-07,0.1234501814145073,2.6563557916689e-06
162,pyroglutamic acid,"{'max_depth': 7, 'max_features': None, 'min_samples_leaf': 1, 'min_samples_split': 5, 'n_estimators': 20}",0.2153952033592082,0.4612152620796431,9.43876266476315e-07,0.1714896866978661,2.8479025281612956e-06
4,8.11.14-Eicosatrienoic acid,"{'max_depth': 7, 'max_features': None, 'min_samples_leaf': 1, 'min_samples_split': 2, 'n_estimators': 100}",0.2238708712323971,0.4606220803628459,9.78718822203058e-07,0.2921741096636288,2.902979557381952e-06
42,aconitate,"{'max_depth': 5, 'max_features': None, 'min_samples_leaf': 1, 'min_samples_split': 2, 'n_estimators': 20}",0.3112006519494424,0.4594412093525555,1.0517437549310852e-06,0.8548578515727253,3.067585951882332e-06
27,Taurocholic acid,"{'max_depth': 7, 'max_features': None, 'min_samples_leaf': 4, 'min_samples_split': 2, 'n_estimators': 100}",0.1863481613001075,0.4562940507995487,1.2724218816139296e-06,0.4931398706274777,3.650390643974388e-06
79,taurocholate,"{'max_depth': 7, 'max_features': None, 'min_samples_leaf': 2, 'min_samples_split': 2, 'n_estimators': 20}",0.2163395121474594,0.4499777640003205,1.854308319872303e-06,0.2561004981202654,5.233934773833114e-06
56,guanine,"{'max_depth': 5, 'max_features': 'sqrt', 'min_samples_leaf': 1, 'min_samples_split': 5, 'n_estimators': 50}",0.1734205051165216,0.4496097716389741,1.8950034636856164e-06,0.2813784087262845,5.2638985102378236e-06
29,Taurohyodeoxycholic acid/Tauroursodeoxycholic acid,"{'max_depth': 5, 'max_features': None, 'min_samples_leaf': 4, 'min_samples_split': 10, 'n_estimators': 20}",0.1726357313427413,0.445655226860327,2.389106306763509e-06,0.4896511612510786,6.53271255755647e-06
92,2-deoxycytidine,"{'max_depth': 5, 'max_features': 'sqrt', 'min_samples_leaf': 2, 'min_samples_split': 2, 'n_estimators': 20}",0.1627688973150656,0.4405307959179966,3.2119359615537004e-06,0.228183339539886,8.647519896490732e-06
17,Glycoursodeoxycholic acid,"{'max_depth': 5, 'max_features': 'sqrt', 'min_samples_leaf': 2, 'min_samples_split': 2, 'n_estimators': 20}",0.179729405173329,0.4375923494505296,3.7978033682682937e-06,0.5158006692533356,1.0069933173438656e-05
101,aminoisobutyric acid,"{'max_depth': 7, 'max_features': 'sqrt', 'min_samples_leaf': 2, 'min_samples_split': 5, 'n_estimators': 20}",0.1771856438271909,0.435972084575945,4.162616423687283e-06,0.2026047470293905,1.087250558425783e-05
40,4-hydroxybenzaldehyde,"{'max_depth': 7, 'max_features': None, 'min_samples_leaf': 1, 'min_samples_split': 5, 'n_estimators': 20}",0.1901082482937944,0.4307707597073631,5.57012063352072e-06,0.3154669022652183,1.433486927744303e-05
166,spermidine,"{'max_depth': 7, 'max_features': None, 'min_samples_leaf': 2, 'min_samples_split': 5, 'n_estimators': 20}",0.1522939357086005,0.4246302304538525,7.807997264131104e-06,0.3674823818541421,1.9802891611926713e-05
8,Cholic acid,"{'max_depth': 5, 'max_features': 'log2', 'min_samples_leaf': 1, 'min_samples_split': 2, 'n_estimators': 20}",0.2687131407505765,0.4236306094125834,8.244175033350799e-06,0.2349452664165285,2.0570021168341268e-05
63,indolelactate,"{'max_depth': 5, 'max_features': 'sqrt', 'min_samples_leaf': 2, 'min_samples_split': 5, 'n_estimators': 20}",0.2074656812762615,0.4234054200571326,8.345551445441314e-06,0.4466235942507918,2.0570021168341268e-05
145,glycine,"{'max_depth': 7, 'max_features': None, 'min_samples_leaf': 2, 'min_samples_split': 10, 'n_estimators': 20}",0.1723561668878049,0.4129698157801469,1.4564658736311683e-05,0.1297371014324732,3.540021220631312e-05
33,Ursodeoxycholic acid,"{'max_depth': 5, 'max_features': None, 'min_samples_leaf': 2, 'min_samples_split': 2, 'n_estimators': 20}",0.2085455648841506,0.4116900811503903,1.5574292606217248e-05,0.4766189646365436,3.733563296010984e-05
161,putrescine,"{'max_depth': 3, 'max_features': 'sqrt', 'min_samples_leaf': 2, 'min_samples_split': 2, 'n_estimators': 20}",0.2493529771674635,0.4103224677477748,1.672569053507825e-05,0.2491447435733878,3.955399788700937e-05
47,chenodeoxycholate/deoxycholate,"{'max_depth': 7, 'max_features': 'sqrt', 'min_samples_leaf': 2, 'min_samples_split': 2, 'n_estimators': 100}",0.1169544102599702,0.4091361043141805,1.778874187001564e-05,0.305139662015916,4.150706436336983e-05
170,thymidine,"{'max_depth': 7, 'max_features': 'sqrt', 'min_samples_leaf': 1, 'min_samples_split': 5, 'n_estimators': 50}",0.168708151602386,0.4087516346829232,1.814663502017756e-05,0.2065765890969498,4.1785014849093066e-05
86,xanthine,"{'max_depth': 7, 'max_features': None, 'min_samples_leaf': 1, 'min_samples_split': 2, 'n_estimators': 20}",0.2192211689040473,0.4075433015561144,1.9315923766572507e-05,0.1431637646791551,4.389982674221024e-05
48,cholate,"{'max_depth': 7, 'max_features': 'sqrt', 'min_samples_leaf': 2, 'min_samples_split': 5, 'n_estimators': 20}",0.2201719167626412,0.3984698182584405,3.0636735820369746e-05,0.344618337222581,6.873626626365007e-05
53,glucuronate,"{'max_depth': 7, 'max_features': None, 'min_samples_leaf': 2, 'min_samples_split': 5, 'n_estimators': 50}",0.197776971653094,0.3970692503160029,3.285859925669129e-05,0.2313935022796556,7.278803632811362e-05
147,histidine,"{'max_depth': 7, 'max_features': 'sqrt', 'min_samples_leaf': 1, 'min_samples_split': 2, 'n_estimators': 100}",0.1269914184607103,0.3951963339694491,3.606594590007948e-05,0.1838945702001197,7.889425665642388e-05
59,homovanillate,"{'max_depth': 7, 'max_features': 'log2', 'min_samples_leaf': 2, 'min_samples_split': 2, 'n_estimators': 20}",0.1097286326363539,0.3945800253943056,3.718384253041508e-05,0.3219237945853193,8.033546225706961e-05
110,carnitine,"{'max_depth': 7, 'max_features': 'sqrt', 'min_samples_leaf': 1, 'min_samples_split': 2, 'n_estimators': 20}",0.1505403392125853,0.3935211448618277,3.918048583113904e-05,0.2281770079314879,8.361689049328453e-05
46,beta-hydroxybutyrate,"{'max_depth': 7, 'max_features': None, 'min_samples_leaf': 2, 'min_samples_split': 2, 'n_estimators': 20}",0.1239708048281506,0.3862204652794652,5.592396536176486e-05,0.194580334735722,0.0001148197483363238
99,alanine,"{'max_depth': 7, 'max_features': 'sqrt', 'min_samples_leaf': 1, 'min_samples_split': 5, 'n_estimators': 100}",0.1117992830961428,0.3861283430950789,5.617262329855174e-05,0.105960977231587,0.0001148197483363238
155,niacinamide,"{'max_depth': 7, 'max_features': 'log2', 'min_samples_leaf': 1, 'min_samples_split': 5, 'n_estimators': 50}",0.1320909699221654,0.3860470171176173,5.6392996804048766e-05,0.179592195332601,0.0001148197483363238
74,quinolinate,"{'max_depth': 7, 'max_features': 'sqrt', 'min_samples_leaf': 1, 'min_samples_split': 5, 'n_estimators': 50}",0.1334790338661224,0.3860349718989164,5.64257048967077e-05,0.2091092187176239,0.0001148197483363238
106,aspartate,"{'max_depth': 7, 'max_features': 'sqrt', 'min_samples_leaf': 1, 'min_samples_split': 5, 'n_estimators': 20}",0.2591801568761641,0.3837720934978016,6.289436438367778e-05,0.3888711110065239,0.00012651165249590358
82,uracil,"{'max_depth': 7, 'max_features': 'sqrt', 'min_samples_leaf': 2, 'min_samples_split': 5, 'n_estimators': 100}",0.1616264894650406,0.3787135716351154,7.993551709086192e-05,0.1445951626079984,0.00015896267603296405
76,sorbitol,"{'max_depth': 7, 'max_features': None, 'min_samples_leaf': 1, 'min_samples_split': 2, 'n_estimators': 100}",0.2587674888246607,0.3697554292268187,0.0001210599684647,0.2742489234164134,0.0002380392638350843
2,15-HETE,"{'max_depth': 7, 'max_features': 'sqrt', 'min_samples_leaf': 1, 'min_samples_split': 2, 'n_estimators': 20}",0.128763851085808,0.3667620585263149,0.0001386988128803,0.2624194348158821,0.0002696921361561389
142,GABA,"{'max_depth': 3, 'max_features': None, 'min_samples_leaf': 1, 'min_samples_split': 2, 'n_estimators': 100}",0.1887043421407038,0.3663556192018428,0.000141269740195,0.2808768443411853,0.00027167257729807695
108,betaine,"{'max_depth': 7, 'max_features': 'sqrt', 'min_samples_leaf': 2, 'min_samples_split': 5, 'n_estimators': 50}",0.2109078681855258,0.3659546723006744,0.0001438491798254,0.2918725440941948,0.0002736261572765761
107,beta-alanine,"{'max_depth': 7, 'max_features': None, 'min_samples_leaf': 1, 'min_samples_split': 10, 'n_estimators': 20}",0.118891976794613,0.362582324392217,0.0001673387767758,0.3592909515828362,0.0003148847950082258
102,anserine,"{'max_depth': 7, 'max_features': None, 'min_samples_leaf': 1, 'min_samples_split': 2, 'n_estimators': 100}",0.1038946151132687,0.3611433094866537,0.0001784049165168,0.8933589763920798,0.00032912176418136845
50,fructose/glucose/galactose,"{'max_depth': 7, 'max_features': None, 'min_samples_leaf': 4, 'min_samples_split': 10, 'n_estimators': 50}",0.144066835039618,0.3611103549468316,0.0001786661005556,0.2122704285598895,0.00032912176418136845
18,Linoleic acid,"{'max_depth': 7, 'max_features': 'sqrt', 'min_samples_leaf': 1, 'min_samples_split': 2, 'n_estimators': 20}",0.1234003326004602,0.3595450143052837,0.0001914881264002,0.3073890744514868,0.0003490668970836979
57,guanosine,"{'max_depth': 7, 'max_features': 'sqrt', 'min_samples_leaf': 1, 'min_samples_split': 10, 'n_estimators': 20}",0.1418326298397367,0.3589188780486646,0.0001968513936185,0.4133275008947982,0.0003551442668375
100,alpha-glycerophosphocholine,"{'max_depth': 5, 'max_features': 'sqrt', 'min_samples_leaf': 1, 'min_samples_split': 2, 'n_estimators': 20}",0.1218182963831719,0.3557167952626211,0.0002265193360788,0.6064571888096282,0.0004044988144264285
55,glycodeoxycholate/glycochenodeoxycholate,"{'max_depth': 5, 'max_features': 'log2', 'min_samples_leaf': 1, 'min_samples_split': 2, 'n_estimators': 50}",0.0966266966319041,0.3542503182405395,0.0002414420024419,0.3479120194911477,0.00042679141845790406
73,pyruvate,"{'max_depth': 7, 'max_features': 'sqrt', 'min_samples_leaf': 1, 'min_samples_split': 5, 'n_estimators': 50}",0.0852664424106566,0.3540141440384813,0.0002439285212245,0.3615253743623637,0.000426874912142875
49,cystathionine,"{'max_depth': 3, 'max_features': None, 'min_samples_leaf': 2, 'min_samples_split': 5, 'n_estimators': 20}",0.1210037878029208,0.3507571370194011,0.0002807213900557,1.4777837356272756,0.0004863984481163118
6,Adrenic acid,"{'max_depth': 7, 'max_features': 'log2', 'min_samples_leaf': 1, 'min_samples_split': 5, 'n_estimators': 20}",0.1252921640740312,0.348031226463115,0.0003153820732462,0.2324750628932933,0.000541096694294951
89,1-methylhistamine,"{'max_depth': 7, 'max_features': None, 'min_samples_leaf': 1, 'min_samples_split': 2, 'n_estimators': 50}",0.0955442482080454,0.3421175551627176,0.0004045458551163,0.3524250315654505,0.0006873351907315777
139,creatinine,"{'max_depth': 7, 'max_features': None, 'min_samples_leaf': 2, 'min_samples_split': 5, 'n_estimators': 50}",0.0991342488933739,0.3408103584164426,0.0004271535491115,0.7009187261206654,0.0007187679912933894
97,adenosine,"{'max_depth': 7, 'max_features': 'sqrt', 'min_samples_leaf': 1, 'min_samples_split': 5, 'n_estimators': 20}",0.0956649282669479,0.337243988575108,0.0004948730809645,0.2186969977563937,0.0008247884682741667
60,hydroxyphenylacetate,"{'max_depth': 7, 'max_features': 'sqrt', 'min_samples_leaf': 1, 'min_samples_split': 10, 'n_estimators': 50}",0.1141267188538354,0.3328024052396819,0.0005929641750866,0.2037011300500099,0.000978950289058066
45,alpha-ketoglutarate,"{'max_depth': 7, 'max_features': 'sqrt', 'min_samples_leaf': 2, 'min_samples_split': 10, 'n_estimators': 100}",0.0958749465093994,0.3290895270863964,0.0006883117461205,0.2434769523413676,0.0011257435100101635
84,uridine,"{'max_depth': 5, 'max_features': None, 'min_samples_leaf': 2, 'min_samples_split': 2, 'n_estimators': 20}",0.1614251071049512,0.3259918003431228,0.000778387967566,0.397828150425685,0.0012612767992967594
104,arginine,"{'max_depth': 7, 'max_features': None, 'min_samples_leaf': 2, 'min_samples_split': 10, 'n_estimators': 20}",0.1087378481032071,0.3247834672163139,0.000816354867382,0.3906626192883081,0.0013106614843288991
41,4-pyridoxate,"{'max_depth': 3, 'max_features': None, 'min_samples_leaf': 2, 'min_samples_split': 10, 'n_estimators': 50}",0.1023621922939483,0.324475891511308,0.0008262856667578,0.2075261070712398,0.0013145453789328637
103,anthranilic acid,"{'max_depth': 3, 'max_features': 'sqrt', 'min_samples_leaf': 4, 'min_samples_split': 10, 'n_estimators': 100}",0.1476290918867295,0.323201649304855,0.0008686145501831,0.8124239215110015,0.001369437353892275
81,thymine,"{'max_depth': 5, 'max_features': 'log2', 'min_samples_leaf': 1, 'min_samples_split': 2, 'n_estimators': 50}",0.1166102938975673,0.3194173696486218,0.0010062650774075,0.1710138071668867,0.0015722891834492186
72,pantothenate,"{'max_depth': 7, 'max_features': None, 'min_samples_leaf': 4, 'min_samples_split': 2, 'n_estimators': 100}",0.1189517492346994,0.3178630138536813,0.001068353958192,0.1985287106764745,0.0016545304662265489
165,serotonin,"{'max_depth': 7, 'max_features': 'log2', 'min_samples_leaf': 2, 'min_samples_split': 2, 'n_estimators': 50}",0.0644554136928261,0.3137436963759238,0.0012501525654298,0.8508948107180044,0.0019190938504404823
85,VMA,"{'max_depth': 7, 'max_features': None, 'min_samples_leaf': 1, 'min_samples_split': 5, 'n_estimators': 20}",0.1037230421439113,0.3124694541694708,0.0013118377162398,0.2664968501263069,0.0019962747855823046
1,12-HETE,"{'max_depth': 7, 'max_features': 'sqrt', 'min_samples_leaf': 1, 'min_samples_split': 10, 'n_estimators': 100}",0.0926084800926669,0.3114698331282017,0.0013621511034071,0.3254069206570353,0.0020549693370365734
119,C10:2 carnitine,"{'max_depth': 7, 'max_features': 'sqrt', 'min_samples_leaf': 1, 'min_samples_split': 2, 'n_estimators': 50}",0.087283921655573,0.3092069547270868,0.0014825847391173,0.973763655964446,0.0022175412764575
171,trimethylamine-N-oxide,"{'max_depth': 7, 'max_features': 'sqrt', 'min_samples_leaf': 2, 'min_samples_split': 5, 'n_estimators': 100}",0.0824302860332981,0.3016109332981019,0.0019608680992777,0.162348796545277,0.002896312127277794
174,valine,"{'max_depth': 7, 'max_features': None, 'min_samples_leaf': 1, 'min_samples_split': 2, 'n_estimators': 100}",0.0724271116524249,0.3014900999854211,0.0019694922465489,0.1497920788071652,0.002896312127277794
136,citrulline,"{'max_depth': 3, 'max_features': 'sqrt', 'min_samples_leaf': 2, 'min_samples_split': 5, 'n_estimators': 20}",0.095082256745115,0.300677221336477,0.0020284062313675,0.2554399130467465,0.0029580924207442713
156,NMMA,"{'max_depth': 5, 'max_features': None, 'min_samples_leaf': 2, 'min_samples_split': 2, 'n_estimators': 20}",0.0886871911698378,0.2980847975371415,0.0022270873690226,0.200519514598847,0.0032209941287516942
71,orotate,"{'max_depth': 7, 'max_features': 'sqrt', 'min_samples_leaf': 2, 'min_samples_split': 2, 'n_estimators': 20}",0.1252109436856457,0.2974092294707893,0.002281668469829,0.3368946212539976,0.003272885100164549
133,carnosine,"{'max_depth': 7, 'max_features': 'sqrt', 'min_samples_leaf': 4, 'min_samples_split': 2, 'n_estimators': 100}",0.0693548867302529,0.2969533583365841,0.0023191786175873,0.7691131948399538,0.0032996443746160773
37,inosine-15N4 (IS),"{'max_depth': 3, 'max_features': None, 'min_samples_leaf': 2, 'min_samples_split': 2, 'n_estimators': 50}",0.090253061451747,0.294119267911887,0.0025651168520229,0.1170079632617228,0.0036201245895484476
20,Myristic acid,"{'max_depth': 7, 'max_features': 'log2', 'min_samples_leaf': 1, 'min_samples_split': 5, 'n_estimators': 20}",0.1084622392205132,0.2929109347850781,0.0026769364432365,0.2913314435106421,0.0037477110205310997
61,hypoxanthine,"{'max_depth': 5, 'max_features': 'sqrt', 'min_samples_leaf': 1, 'min_samples_split': 2, 'n_estimators': 20}",0.0682858797725537,0.2922793061051553,0.002737117085941,0.1937412284183064,0.0038015515082513887
93,3-hydroxyanthranilic acid,"{'max_depth': 7, 'max_features': None, 'min_samples_leaf': 2, 'min_samples_split': 2, 'n_estimators': 100}",0.0721426906965118,0.284282337775002,0.0036115466515403,0.3203407440200017,0.004976540661571279
80,taurodeoxycholate/taurochenodeoxycholate,"{'max_depth': 5, 'max_features': None, 'min_samples_leaf': 1, 'min_samples_split': 2, 'n_estimators': 50}",0.0601670306273559,0.2827829062130982,0.0038009336341477,0.282687659009225,0.005196588952936308
10,Docosahexaenoic acid,"{'max_depth': 7, 'max_features': None, 'min_samples_leaf': 2, 'min_samples_split': 2, 'n_estimators': 50}",0.0788189294970082,0.2789052553607025,0.0043325699910481,0.3020600064145757,0.005877517429716415
3,5-HETE,"{'max_depth': 7, 'max_features': 'log2', 'min_samples_leaf': 4, 'min_samples_split': 10, 'n_estimators': 50}",0.0519620829387716,0.273154688161753,0.0052434634415171,0.2426330394942269,0.007058508478965326
58,homogentisate,"{'max_depth': 7, 'max_features': None, 'min_samples_leaf': 1, 'min_samples_split': 2, 'n_estimators': 100}",0.0883764003334625,0.2723527943594162,0.0053831749102943,0.1975133730397931,0.007191264193141241
94,5-HIAA,"{'max_depth': 5, 'max_features': 'log2', 'min_samples_leaf': 2, 'min_samples_split': 5, 'n_estimators': 50}",0.1178944571162393,0.2698812038727617,0.0058348510218499,0.3988732390433305,0.007735597945634336
157,ornithine,"{'max_depth': 7, 'max_features': 'log2', 'min_samples_leaf': 2, 'min_samples_split': 10, 'n_estimators': 50}",0.0598048546732786,0.2675743860852175,0.0062864559355115,0.2498632026005409,0.008220087212987687
70,nicotinate,"{'max_depth': 3, 'max_features': None, 'min_samples_leaf': 4, 'min_samples_split': 10, 'n_estimators': 100}",0.0956952033288164,0.2675359391220918,0.006294238208802,0.1547683450092881,0.008220087212987687
21,Oleic acid,"{'max_depth': 7, 'max_features': 'log2', 'min_samples_leaf': 2, 'min_samples_split': 10, 'n_estimators': 20}",0.0662954622423179,0.2651357501383851,0.0067973092763345,0.270044386260502,0.00881132683969287
132,C26 carnitine,"{'max_depth': 5, 'max_features': 'sqrt', 'min_samples_leaf': 4, 'min_samples_split': 2, 'n_estimators': 20}",0.064767246954756,0.2598143056003495,0.008041446569032,0.5211381304304751,0.010347449629269118
7,Arachidonic acid,"{'max_depth': 7, 'max_features': None, 'min_samples_leaf': 4, 'min_samples_split': 2, 'n_estimators': 20}",0.0052328525217764,0.2588662468939173,0.0082830380130426,0.231627109779542,0.010580523009360986
52,gentisate,"{'max_depth': 7, 'max_features': None, 'min_samples_leaf': 1, 'min_samples_split': 5, 'n_estimators': 20}",0.0269527670521206,0.2532618266010848,0.009846182364908,0.4022320581199661,0.012486100825064492
114,C4 carnitine,"{'max_depth': 7, 'max_features': 'sqrt', 'min_samples_leaf': 2, 'min_samples_split': 10, 'n_estimators': 20}",0.0359985986528584,0.251256396449994,0.0104653670146134,1.547090117509164,0.013175821780988094
141,dimethylglycine,"{'max_depth': 7, 'max_features': 'log2', 'min_samples_leaf': 4, 'min_samples_split': 2, 'n_estimators': 20}",0.061725658783338,0.2474666243704571,0.0117291601072028,0.2473843792734666,0.014661450134003499
134,choline,"{'max_depth': 5, 'max_features': None, 'min_samples_leaf': 1, 'min_samples_split': 2, 'n_estimators': 20}",0.0118898114814806,0.2405077240446987,0.01439983517993,0.2544035000924922,0.01787213586161525
67,lactose,"{'max_depth': 7, 'max_features': None, 'min_samples_leaf': 1, 'min_samples_split': 5, 'n_estimators': 100}",0.0284660542356351,0.2380745805211699,0.0154509337807069,0.2028713466096669,0.019041643743828926
5,9-HETE,"{'max_depth': 5, 'max_features': 'log2', 'min_samples_leaf': 4, 'min_samples_split': 2, 'n_estimators': 50}",0.0338296181415693,0.2278971201394571,0.020600292780353,0.3302242328845801,0.025210148507425
160,proline,"{'max_depth': 7, 'max_features': 'sqrt', 'min_samples_leaf': 1, 'min_samples_split': 10, 'n_estimators': 100}",0.0159366846270647,0.2092338657535636,0.033912212462687,0.1440771373596262,0.041212758201182115
146,histamine,"{'max_depth': 7, 'max_features': 'log2', 'min_samples_leaf': 2, 'min_samples_split': 2, 'n_estimators': 20}",0.0448048565956491,0.2052243967418796,0.0375649149866881,0.3757942268563439,0.045336966363244253
118,C7 carnitine,"{'max_depth': 7, 'max_features': None, 'min_samples_leaf': 4, 'min_samples_split': 10, 'n_estimators': 20}",0.0129970222949298,0.2031982506762753,0.0395327745806783,0.5585523771325394,0.047385175011087
23,Palmitoleic acid,"{'max_depth': 5, 'max_features': 'sqrt', 'min_samples_leaf': 2, 'min_samples_split': 5, 'n_estimators': 50}",-0.0157675134858665,0.2008249656756346,0.0419466659838608,0.2246566517868203,0.04993650712364381
91,2-deoxyadenosine,"{'max_depth': 5, 'max_features': 'sqrt', 'min_samples_leaf': 1, 'min_samples_split': 5, 'n_estimators': 100}",0.0436124401710412,0.1989575417523845,0.0439313358915264,0.3123023695363111,0.051945836358223786
26,Taurochenodesoxycholic acid,"{'max_depth': 5, 'max_features': 'sqrt', 'min_samples_leaf': 1, 'min_samples_split': 2, 'n_estimators': 50}",0.0257307716100434,0.1975459889633397,0.0454828130280456,0.4036667664714658,0.0534194112745502
95,5-hydroxytryptophan,"{'max_depth': 7, 'max_features': 'log2', 'min_samples_leaf': 2, 'min_samples_split': 2, 'n_estimators': 20}",0.0245378635056335,0.1891261040388032,0.0557096070714556,0.2464098827597456,0.06499454158336487
88,valine-d8 (IS),"{'max_depth': 7, 'max_features': 'sqrt', 'min_samples_leaf': 1, 'min_samples_split': 5, 'n_estimators': 20}",0.0293330355686692,0.1860393621421369,0.0599023715258526,0.0897931785396632,0.06942327825843844
44,alpha-hydroxybutyrate,"{'max_depth': 7, 'max_features': 'sqrt', 'min_samples_leaf': 1, 'min_samples_split': 5, 'n_estimators': 20}",0.0555743249521962,0.1856439076642722,0.0604576801141687,0.234581843798325,0.0696058817103916
14,Glycochenodeoxycholic acid,"{'max_depth': 5, 'max_features': 'log2', 'min_samples_leaf': 1, 'min_samples_split': 2, 'n_estimators': 20}",0.036530334856573,0.1772844393960763,0.0732128346632001,0.4030036919270676,0.08374017036640534
111,C2 carnitine,"{'max_depth': 7, 'max_features': 'sqrt', 'min_samples_leaf': 1, 'min_samples_split': 2, 'n_estimators': 20}",0.0643073660037731,0.1618342526428338,0.10243145580324,0.3804380316843065,0.11623628503457634
117,C5-DC carnitine,"{'max_depth': 7, 'max_features': 'sqrt', 'min_samples_leaf': 1, 'min_samples_split': 10, 'n_estimators': 20}",0.0521203451583031,0.161592586017472,0.1029521381734819,0.5876979921553257,0.11623628503457634
128,C20 carnitine,"{'max_depth': 7, 'max_features': 'sqrt', 'min_samples_leaf': 2, 'min_samples_split': 2, 'n_estimators': 20}",0.0365930784702739,0.1393427792142777,0.1603860396660524,0.444719160303771,0.17877424803540873
24,Sphingosine 1-Phosphate,"{'max_depth': 5, 'max_features': 'log2', 'min_samples_leaf': 4, 'min_samples_split': 2, 'n_estimators': 100}",0.0019013659637743,0.1377005446464784,0.1654205303636225,0.2703482863496961,0.18321894185844265
54,glycocholate,"{'max_depth': 5, 'max_features': 'sqrt', 'min_samples_leaf': 2, 'min_samples_split': 10, 'n_estimators': 20}",-0.0078170893470861,0.1290280082499729,0.1939621029980648,0.3765731712864792,0.21348030204189522
115,C4-OH carnitine,"{'max_depth': 7, 'max_features': 'sqrt', 'min_samples_leaf': 2, 'min_samples_split': 5, 'n_estimators': 100}",-0.0123034662743428,0.1258328004145816,0.2053274341283813,0.5957249720859374,0.22457688107791707
12,Eicosapentaenoic acid,"{'max_depth': 7, 'max_features': None, 'min_samples_leaf': 4, 'min_samples_split': 2, 'n_estimators': 100}",-0.0144203544551708,0.1245297135642617,0.2100967815538504,0.3512685377638668,0.2283660669063591
25,Stearic acid,"{'max_depth': 5, 'max_features': 'log2', 'min_samples_leaf': 2, 'min_samples_split': 2, 'n_estimators': 50}",0.009146087331007,0.1204217117006524,0.2256477669383987,0.2626968066870491,0.24375530379148008
35,glycocholate-d4 (IS),"{'max_depth': 7, 'max_features': 'sqrt', 'min_samples_leaf': 1, 'min_samples_split': 10, 'n_estimators': 50}",0.0082260788392106,0.1189177634996117,0.2315385244186144,0.104867542041373,0.2485843053574081
36,thymine-d4 (IS),"{'max_depth': 7, 'max_features': None, 'min_samples_leaf': 1, 'min_samples_split': 2, 'n_estimators': 20}",-0.0170403565628087,0.1091509283139669,0.2724121629143279,0.1137780674053378,0.2906837104268743
15,Glycocholic acid,"{'max_depth': 7, 'max_features': 'sqrt', 'min_samples_leaf': 1, 'min_samples_split': 5, 'n_estimators': 50}",-0.0285933708199879,0.1008027217715883,0.3109962240281764,0.4034886182855543,0.32984448002988404
0,PGE2-d4 (IS),"{'max_depth': 5, 'max_features': 'sqrt', 'min_samples_leaf': 1, 'min_samples_split': 2, 'n_estimators': 20}",-0.0046840740759002,0.0838747962704467,0.3996014992626232,0.0972536294684363,0.42126664078891
13,Gamma-Linolenic acid,"{'max_depth': 7, 'max_features': 'log2', 'min_samples_leaf': 1, 'min_samples_split': 10, 'n_estimators': 20}",-0.0237075685366288,0.0831003645846284,0.4039831928140294,0.5254391494608713,0.42333568109254577
129,C20:4 carnitine,"{'max_depth': 5, 'max_features': 'log2', 'min_samples_leaf': 1, 'min_samples_split': 2, 'n_estimators': 100}",0.0079036634685183,0.0770696837971913,0.4390621327745445,0.2377105023308401,0.4573563883068172
22,Palmitic acid,"{'max_depth': 3, 'max_features': 'log2', 'min_samples_leaf': 2, 'min_samples_split': 10, 'n_estimators': 50}",-0.0072601566742074,0.0719619277857216,0.4700744478213002,0.2304908588602443,0.4867634814717606
137,cotinine,"{'max_depth': 5, 'max_features': 'log2', 'min_samples_leaf': 1, 'min_samples_split': 10, 'n_estimators': 20}",-0.0257889933772588,0.04766874185261,0.6325415670979111,0.32578831022541,0.651145730836085
116,C5:1 carnitine,"{'max_depth': 7, 'max_features': 'sqrt', 'min_samples_leaf': 2, 'min_samples_split': 10, 'n_estimators': 50}",-0.0571265937122986,0.0122371191205916,0.9023588439514828,0.5462131667537546,0.9180976609971482
87,phenylalanine-d8 (IS),"{'max_depth': 3, 'max_features': 'sqrt', 'min_samples_leaf': 1, 'min_samples_split': 10, 'n_estimators': 100}",-0.0311237454662958,0.0042785977535641,0.9657866127962274,0.0923050353628936,0.9657866127962274
109,butyrobetaine,"{'max_depth': 3, 'max_features': 'log2', 'min_samples_leaf': 2, 'min_samples_split': 5, 'n_estimators': 100}",-0.023259418761885,-0.0059867414010075,0.9521414535041808,0.2364786199866047,0.9576135308231702
96,acetylcholine,"{'max_depth': 3, 'max_features': 'log2', 'min_samples_leaf': 2, 'min_samples_split': 5, 'n_estimators': 100}",-0.023259418761885,-0.0059867414010075,0.9521414535041808,0.2364786199866047,0.9576135308231702
112,C3 carnitine,"{'max_depth': 7, 'max_features': 'log2', 'min_samples_leaf': 2, 'min_samples_split': 2, 'n_estimators': 100}",-0.0279430570028691,-0.0275225331747239,0.7825737506896797,0.5879727966329532,0.8008795694192629
32,PGE2,"{'max_depth': 3, 'max_features': 'sqrt', 'min_samples_leaf': 4, 'min_samples_split': 2, 'n_estimators': 100}",-0.0863424292263836,-0.1487681862314195,0.1336752925909033,0.2328267039600019,0.14995625771415433
